Row,UserId,Question
1,44984,How do I check if a checkbox is checked in jQuery?
2,111435,How do I check if a checkbox is checked in jQuery?
3,173432,How do I check if a checkbox is checked in jQuery?
4,8018,How do I check if a checkbox is checked in jQuery?
5,17085,How do I check if a checkbox is checked in jQuery?
6,508284,How do I check if a checkbox is checked in jQuery?
7,21709,How do I check if a checkbox is checked in jQuery?
8,3713,How do I check if a checkbox is checked in jQuery?
9,206504,How do I check if a checkbox is checked in jQuery?
10,4883,How do I check if a checkbox is checked in jQuery?
